{
  "name": "ESP-DASH",
  "keywords": "EspDash, esp8266, esp32, ui, dashboard, user, ux, interface, gui, iot, arduino, Wifi, server",
  "description": "A Blazing Fast library to create realtime Dashboards for ESP8266's and ESP32's.",
  "repository":
  {
    "type": "git",
    "url": "https://github.com/ayushsharma82/ESP-DASH.git"
  },
  "authors":
  [
    {
      "name": "Ayush Sharma",
      "email": "asrocks5@gmail.com",
      "maintainer": true
    }
  ],
  "version": "2.2.4",
  "frameworks": "arduino",
  "platforms": "espressif"
}
